title,steamAppID,thumb,gameid
Remnant: From the Ashes,617290,https://cdn.cloudflare.steamstatic.com/steam/apps/617290/capsule_sm_120.jpg?t=1629392689,200898
title,steamAppID,thumb,gameid
Remnant: From the Ashes,617290,https://cdn.cloudflare.steamstatic.com/steam/apps/617290/capsule_sm_120.jpg?t=1629392689,200898
title,steamAppID,thumb,gameid
Remnant: From the Ashes,617290,https://cdn.cloudflare.steamstatic.com/steam/apps/617290/capsule_sm_120.jpg?t=1629392689,200898
title,steamAppID,thumb,gameid
Remnant: From the Ashes,617290,https://cdn.cloudflare.steamstatic.com/steam/apps/617290/capsule_sm_120.jpg?t=1629392689,200898
title,steamAppID,thumb,gameid
Remnant: From the Ashes,617290,https://cdn.cloudflare.steamstatic.com/steam/apps/617290/capsule_sm_120.jpg?t=1629392689,200898
title,steamAppID,thumb,gameid
Remnant: From the Ashes,617290,https://cdn.cloudflare.steamstatic.com/steam/apps/617290/capsule_sm_120.jpg?t=1629392689,200898
title,steamAppID,thumb,gameid
Remnant: From the Ashes,617290,https://cdn.cloudflare.steamstatic.com/steam/apps/617290/capsule_sm_120.jpg?t=1629392689,200898
